z,mu,sigma
0.1,38.39481021832228,0.1
0.2,40.03428578229757,0.1
0.3,41.031928859998715,0.1
